{
    "mae": 0.04059957027742195,
    "mse": 0.0025783916962774265,
    "r2": 0.7407388267966668
}